Size,Time N2,Ops N2,Mem N2,Time DC,Ops DC,Mem DC,Time N,Ops N,Mem N
10,2.220000010311196e-05,55,0.0,4.639999997380073e-05,44,0.00390625,1.240000005964248e-05,10,-0.94140625
50,0.0001408000000537868,1275,0.0,9.000000000014552e-05,336,0.0,2.5599999844416743e-05,50,0.0
100,0.0006527999998979794,5050,0.0,0.00025389999996150436,772,-0.47265625,3.040000001419685e-05,100,0.0
500,0.013564500000029511,125250,0.0,0.00106669999991027,4988,0.0,0.0001220999999986816,500,0.0078125
1000,0.051063800000065385,500500,0.0,0.0022523999998611544,10976,0.0,0.00019810000003417372,1000,0.015625
5000,1.1909279999999853,12502500,0.0,0.010634100000061153,66808,0.0,0.0007686999999805266,5000,0.0390625
